tweet,id,date,time,username,replies_count,retweets_count,likes_count,tdatetime
Congratulations to the Mason Punchers on their #txhsfb Class 2A Division 1 State Championship win! https://twitter.com/FOXSportsSW/status/1075840294325649408 …,1075856250875846657,2018-12-20,20:51:33,conawaytx11,2,1,6,2018-12-20 20:51:33
As of last night— H.R. 2 #FarmBill has @SpeakerRyan’s John Hancock— next stop? 🔜 The @WhiteHouse pic.twitter.com/whWZdYS6KQ,1075839412762763264,2018-12-20,19:44:38,conawaytx11,7,7,58,2018-12-20 19:44:38
Happy Birthday to my good friend @SecretarySonny! I have a good idea of how to celebrate today ➡️ meet you at the @WhiteHouse this afternoon for a celebration of #ruralAmerica that is sure to start this year off right! 👊🏻 #farmbill pic.twitter.com/xZGme5I7xi,1075782223490621440,2018-12-20,15:57:23,conawaytx11,2,8,38,2018-12-20 15:57:23
And it took an incredible team to get this bill done for the great Americans who feed and clothe this nation 👍🏻 https://twitter.com/HouseAgGOP/status/1072986389493530625 …,1072987920544481285,2018-12-12,22:53:50,conawaytx11,8,11,40,2018-12-12 22:53:50
Congrats to @SenPatRoberts & @SenStabenow on passing our strong 2018 #FarmBill conference report in the Senate. This bill is a real shot in the arm to rural America and I urge my colleagues in the House to join me in sending this bill to the president's desk.,1072606403037143040,2018-12-11,21:37:49,conawaytx11,5,26,85,2018-12-11 21:37:49
Thank you @SteveScalise 👍🏻 https://twitter.com/SteveScalise/status/1072560946722365441 …,1072561212586713094,2018-12-11,18:38:14,conawaytx11,0,4,10,2018-12-11 18:38:14
"If you can’t say anything nice, eat a cookie instead 🍪 

Happy #NationalCookieDay America! pic.twitter.com/oaJZFOCpVl",1070057634756145152,2018-12-04,20:49:55,conawaytx11,7,9,40,2018-12-04 20:49:55
"May God stretch out his healing hand during this season of loss for the Bush family. I’m sure the heavens rejoiced as President George HW Bush reunited with his love, Barbara. Let us continue to celebrate his legacy while #Remembering41",1069430541475287041,2018-12-03,03:18:04,conawaytx11,0,1,20,2018-12-03 03:18:04
Chairman Schiff is running out of excuses for denying HPSCI Republicans the ability to speak with the whistleblower. Even the @washingtonpost agrees👇 pic.twitter.com/HnG2rMPYI0,1197270009741004800,2019-11-20,21:46:29,conawaytx11,269,317,664,2019-11-20 21:46:29
"It’s imperative that all #HPSCI members have the opportunity to speak with the whistleblower, not just Chairman Schiff and his staff.",1194645382271250433,2019-11-13,15:57:09,conawaytx11,200,55,167,2019-11-13 15:57:09
"At the center of the impeachment inquiry is a whistleblower report, but we still haven’t heard from the whistleblower as part of this investigation- even in a closed door setting to protect the identity of the whistleblower.",1194645380983672832,2019-11-13,15:57:08,conawaytx11,171,18,51,2019-11-13 15:57:08
The pleasure was all mine! Great to meet you and Nathan as well. https://twitter.com/rex_stephenson/status/1193987911856873485 …,1194290462171025408,2019-11-12,16:26:49,conawaytx11,22,3,18,2019-11-12 16:26:49
 https://www.justice.gov/opa/speech/attorney-general-william-p-barr-delivers-remarks-law-school-and-de-nicola-center-ethics …,1194289185420644352,2019-11-12,16:21:45,conawaytx11,6,4,9,2019-11-12 16:21:45
Attorney General William Barr delivered an exceptional speech to students at the Notre Dame Law School on the importance of religion in maintaining our system of self-governance. I encourage you to read AG Barr’s speech and apply the principles he lays out to your own life.,1194289184703492096,2019-11-12,16:21:45,conawaytx11,23,9,32,2019-11-12 16:21:45
"Suzanne and I are praying for our men and women in blue, victims, first responders on scene, hospital staff preparing for the worst, and loved one’s of ALL affected by this senseless act of violence in Midland/Odessa. STAY SAFE and STAY INFORMED.",1167936420494790657,2019-08-31,23:05:16,conawaytx11,25,13,50,2019-08-31 23:05:16
👏🏻👏🏻👏🏻 https://twitter.com/GregAbbott_TX/status/1165246946560360448 …,1165296919721205761,2019-08-24,16:16:50,conawaytx11,6,2,16,2019-08-24 16:16:50
What a beautiful miracle. https://www.washingtonpost.com/nation/2019/05/30/world-smallest-surviving-baby-saybie-miracle/?utm_term=.c8b6da1a59cb …,1134185705100468227,2019-05-30,19:51:58,conawaytx11,2,8,12,2019-05-30 19:51:58
Proud to be at the @WhiteHouse with @realDonaldTrump as he announces more support for U.S. farmers & ranchers. Watch live here -> https://www.whitehouse.gov/live/ ,1131642799546359808,2019-05-23,19:27:22,conawaytx11,12,12,23,2019-05-23 19:27:22
"Democrats now have a choice. I hope they choose to work with us on policies that will benefit the American people, rather than falling further down the ridiculous rabbit hole of attacking the President and pursuing impeachment as their top priority. https://www.wsj.com/articles/the-impeachment-democrats-11558565156 …",1131550764365733891,2019-05-23,13:21:40,conawaytx11,91,59,191,2019-05-23 13:21:40
"Our Washington, DC office has been evacuated due to an audible alarm. If you need immediate assistance, please contact one of our six district offices until the staff in DC is able to safely re-enter the building  https://conaway.house.gov/contact/ ",1128374437802381313,2019-05-14,19:00:04,conawaytx11,3,2,3,2019-05-14 19:00:04
ICYMI: I spoke with @BBC before @theresa_may's  decision to green light Huawei's involvement in development of their 5G network. Watch here -> https://www.dailymotion.com/video/x75hm25 ,1123633098586038272,2019-05-01,16:59:41,conawaytx11,2,3,3,2019-05-01 16:59:41
"Even the most thorough supply chain review does not adequately protect us from nefarious actors like Huawei. We have to be 100% right 100% of the time, all they need is us to slip up once to infiltrate an entire network. https://twitter.com/BBCPolitics/status/1123554129631072256 …",1123631532772614145,2019-05-01,16:53:28,conawaytx11,1,10,5,2019-05-01 16:53:28
"ICYMI: Obama's Border Chief says border situation is ""absolutely a national emergency,"" and calls for reforms to asylum process https://video.foxbusiness.com/v/6016430730001/#sp=show-clips …",1109105806002270208,2019-03-22,14:53:24,conawaytx11,512,176,356,2019-03-22 14:53:24
"Hi Daniel, you can find my full statement here: https://conaway.house.gov/news/documentsingle.aspx?DocumentID=398465 …",1104094314307772423,2019-03-08,18:59:32,conawaytx11,2,0,0,2019-03-08 18:59:32
"Anti-Semitism, racism, white supremacy, and hateful speech have no place in the House of Representatives. House Democrats must take bigotry of all kinds seriously, not just instances that fit their progressive liberal agenda. pic.twitter.com/zgKdIsXu1Y",1104026529883922433,2019-03-08,14:30:11,conawaytx11,243,109,257,2019-03-08 14:30:11
"Ralph dedicated his life to service, and it was a pleasure working with him in Congress. Suzanne and I will be keeping his family and many friends in our prayers. https://twitter.com/tombenning/status/1103736296223268864 …",1103751366042824704,2019-03-07,20:16:47,conawaytx11,19,11,39,2019-03-07 20:16:47
"Russia, China, and other adversaries continue to pose serious and real national security threats. It's arrogant and foolish to think otherwise. https://twitter.com/RobWittman/status/1103354732700229632 …",1103361059296083968,2019-03-06,18:25:50,conawaytx11,80,16,20,2019-03-06 18:25:50
Even the @ACLU thinks #HR1 violates our constitutional right to free speech #NOTforthePeopleAct,1103339161925369857,2019-03-06,16:58:49,conawaytx11,19,16,23,2019-03-06 16:58:49
"Tax dollars should not serve as a campaign slush fund for politicians, which is why I am voting no on the Democrat Politician Protection Act #NOTforthePeopleAct #HR1",1103338933436510214,2019-03-06,16:57:55,conawaytx11,18,20,37,2019-03-06 16:57:55
Heartbreaking news in Midland today. Please join me in prayer for this fallen officer’s family and loved ones. God bless our men and women in blue 💙 https://twitter.com/MidlandTxPD/status/1103030153540714503 …,1103059332432826370,2019-03-05,22:26:53,conawaytx11,3,5,27,2019-03-05 22:26:53
"Hey @timkmak — meet Gatsby! He keeps an eye on our office when not distracted by tennis balls, treats, and new friends. Come by and say hi! https://twitter.com/timkmak/status/1102619325402365957 …",1102637085863919617,2019-03-04,18:29:01,conawaytx11,27,57,541,2019-03-04 18:29:01
Even doubling every American's tax burden wouldn't be enough to pay for a socialist takeover of the entire health care system,1123247199515705344,2019-04-30,15:26:15,conawaytx11,11,14,24,2019-04-30 15:26:15
"A one-size-fits-all, government take over of the health care system will eliminate patient choice https://twitter.com/HouseGOP/status/1123239224826900482 …",1123246829687193600,2019-04-30,15:24:47,conawaytx11,9,6,6,2019-04-30 15:24:47
Thanks for having me! https://twitter.com/NRECANews/status/1123214182718038017 …,1123222355399069696,2019-04-30,13:47:32,conawaytx11,1,2,16,2019-04-30 13:47:32
"Even non-core infrastructure could be used to infiltrate cellular networks, increasing the risk of Huawei gaining access to privileged communications between Five Eyes or NATO nations.",1122973883878060039,2019-04-29,21:20:12,conawaytx11,1,3,1,2019-04-29 21:20:12
It’s critical that we are wary of who we are giving access to the mobile activity that will inevitably take place on 5G networks https://uk.reuters.com/article/uk-usa-huawei-tech/u-s-will-rethink-cooperation-with-allies-who-use-huawei-official-idUKKCN1S517C …,1122973790038888450,2019-04-29,21:19:50,conawaytx11,1,4,9,2019-04-29 21:19:50
My response to Mueller's report: pic.twitter.com/cX1Vzxlb7C,1118949599648133120,2019-04-18,18:49:08,conawaytx11,19,5,18,2019-04-18 18:49:08
"Due to a scheduling change, we'll now be starting at 12:30 PM CT. See you in 30 minutes on the FB page ->  https://www.facebook.com/mike.conaway/  https://twitter.com/ConawayTX11/status/1116018850129166342 …",1116387244804313088,2019-04-11,17:07:15,conawaytx11,4,0,2,2019-04-11 17:07:15
"On Thursday April 11th at 2:30PM CST, I will be hosting a Facebook LIVE town hall from my office in Washington DC! Please share this post to help spread the word across #TX11 pic.twitter.com/EjF27AIBKL",1116018850129166342,2019-04-10,16:43:23,conawaytx11,0,4,4,2019-04-10 16:43:23
👆🏼 👆🏼 👆🏼#WreckEmTech https://twitter.com/TexasTechMBB/status/1114293477146333190 …,1114626658802249728,2019-04-06,20:31:18,conawaytx11,2,0,13,2019-04-06 20:31:18
Glad you got the chance to visit the @BushChildhood home! We're working on making a national landmark so that future generations will be able to experience it as well. https://twitter.com/georgepbush/status/1113520702840291330 …,1113536775392309248,2019-04-03,20:20:30,conawaytx11,7,4,17,2019-04-03 20:20:30
"For too long, we have worshipped at the altar of choice. Children born ALIVE during an abortion deserve to receive the same care as any other child or person. The Born-Alive Abortion Survivors Protection Act will require health care practitioners to provide care #LetUsVote",1113101255147171841,2019-04-02,15:29:54,conawaytx11,9,28,98,2019-04-02 15:29:54
"Currently, doctors in 24 states can leave a child born-alive during an abortion to die and not face criminal charges. This is deplorable. It is time we get our legislators on record to #EndInfanticide across all 50 states.",1113099996474347522,2019-04-02,15:24:54,conawaytx11,9,54,134,2019-04-02 15:24:54
"Today, those of us in the @HouseGOP are holding the Democrats feet-to-the-fire by forcing them to vote on where they stand on infanticide. I will be signing the discharge petition for the Born-Alive Abortion Survivors Protection Act to force the bill on the floor #LetUsVote",1113099366426963969,2019-04-02,15:22:23,conawaytx11,4,1,15,2019-04-02 15:22:23
"Democrats, #LetUsVote to #EndInfanticide",1113084219025227776,2019-04-02,14:22:12,conawaytx11,12,24,77,2019-04-02 14:22:12
Babies who survive an attempted abortion deserve the right to medical care #EndInfanticide,1113084086866841602,2019-04-02,14:21:41,conawaytx11,10,21,55,2019-04-02 14:21:41
"Killing a child who survives an abortion is murder, plain and simple #EndInfanticide",1113082048045088770,2019-04-02,14:13:34,conawaytx11,67,198,649,2019-04-02 14:13:34
"We must protect the right to life for innocent children who were born alive, instead of allowing state-sponsored murder after birth #EndInfanticide",1113081927710511104,2019-04-02,14:13:06,conawaytx11,3,8,27,2019-04-02 14:13:06
"This weekend, we lost a good friend, respected colleague, and true patriot. Tune in the House Floor now as we honor Damon Nelson and the legacy he left behind ->  https://www.c-span.org/video/?454489-1/us-house-meets-morning-hour&live= …",1063085052505006081,2018-11-15,15:03:22,conawaytx11,0,3,5,2018-11-15 15:03:22
"In the 100 years since the end of World War 1, no one has done as much good for the rest of the world, and asked so little in return, as the United States of America. God bless our troops and their families— May we celebrate you and honor your sacrifice everyday 🇺🇸 pic.twitter.com/iF1tHjaedO",1061833055441248256,2018-11-12,04:08:22,conawaytx11,2,3,18,2018-11-12 04:08:22
Thank you to all of the voters in the 11th Congressional District of Texas for your support! I am honored to be re-elected as your representative in Congress. I will continue to fight for our constituents and families in #TX11 👍🏻,1060218009120325632,2018-11-07,17:10:45,conawaytx11,14,5,33,2018-11-07 17:10:45
Happy Election Day! Be sure to get out and #Vote 👏🏻,1059807008503877633,2018-11-06,13:57:35,conawaytx11,2,5,11,2018-11-06 13:57:35
👏🏻👏🏻👏🏻 https://twitter.com/SecretaryAcosta/status/1057950636782821384 …,1058039170373967872,2018-11-01,16:52:50,conawaytx11,1,2,1,2018-11-01 16:52:50
Suzanne and I had a blast handing out candy at my Midland office yesterday afternoon— there were top notch trick-or-treaters! #HappyHallloween pic.twitter.com/pEacJren2E,1058038961359208448,2018-11-01,16:52:00,conawaytx11,1,5,16,2018-11-01 16:52:00
"Always a pleasure catching up with my good friend @SecretarySonny. Thanks for the pic, @USDA! pic.twitter.com/ALbTO6wxSm",1100875319525953541,2019-02-27,21:48:24,conawaytx11,4,3,22,2019-02-27 21:48:24
And @SpeakerPelosi won't even allow a vote to be held in the House. It's unfathomable that Democrats are okay with children being murdered after they are brought into this world https://twitter.com/realDonaldTrump/status/1100211495223218176 …,1100760750384128005,2019-02-27,14:13:08,conawaytx11,22,12,20,2019-02-27 14:13:08
The truth about your tax refund: https://www.usatoday.com/story/opinion/2019/02/20/lower-tax-refunds-show-republican-tax-bill-working-americans-column/2919599002/ …,1099013676101713931,2019-02-22,18:30:53,conawaytx11,21,2,8,2019-02-22 18:30:53
Glad you had the chance to check out the impressive work being done at #GoodfellowAFB! https://twitter.com/USecAF_Official/status/1095825255883571200 …,1096082731283423232,2019-02-14,16:24:22,conawaytx11,3,2,10,2019-02-14 16:24:22
Proud to support rural water. Thanks for having me! https://twitter.com/NRWA/status/1093176878117122048 …,1093180941042880512,2019-02-06,16:13:41,conawaytx11,4,1,13,2019-02-06 16:13:41
".@realDonaldTrump: ""Let us reaffirm a fundamental truth:  all children -- born and unborn -- are made in the holy image of God."" I couldn't agree more, Mr. President",1092982458579070976,2019-02-06,03:04:59,conawaytx11,11,9,48,2019-02-06 03:04:59
"For years, China has employed illegal trade practices that have driven jobs out of America and hurt our workers. The President is right – we must protect our workers by making fair trade a priority #SOTU",1092979166478286848,2019-02-06,02:51:54,conawaytx11,2,7,21,2019-02-06 02:51:54
"We cannot settle for anything less than full operational control of our borders. It is imperative that we provide our border security agents with the tools necessary to succeed: a physical barrier, more agents, and better technology",1092975611386187776,2019-02-06,02:37:46,conawaytx11,6,5,23,2019-02-06 02:37:46
Knowing who and what is coming across our borders is essential to the safety and security of our nation. Congress must work with the President to pass legislation that will fully secure our borders #SOTU,1092975287535587329,2019-02-06,02:36:29,conawaytx11,2,2,12,2019-02-06 02:36:29
"Our country is now the worldwide leader in oil and natural gas production, in large part thanks to the Permian Basin #SOTU #AmericanEnergy",1092973274475188225,2019-02-06,02:28:29,conawaytx11,6,10,58,2019-02-06 02:28:29
"It's unfathomable that in this day and age, some government officials need a reminder that infanticide is illegal and morally reprehensible. https://twitter.com/CalebJHull/status/1090657473218920448 …",1091083804272484354,2019-01-31,21:20:24,conawaytx11,8,2,15,2019-01-31 21:20:24
Let’s help Jury out – how many farmers out there have a patch? 🙋‍♂️ #AgTwitter #FutureFarmers https://twitter.com/amy_kaymay/status/1071866294746656769 …,1090953351867650049,2019-01-31,12:42:02,conawaytx11,2,6,25,2019-01-31 12:42:02
"The Chinese government’s objective is to drive American companies out of business and move their technology and jobs to China at any cost, including IP theft and illegal trade practices. https://thehill.com/policy/cybersecurity/426519-congress-gets-tough-on-china-over-trade-secrets …",1088116062862880768,2019-01-23,16:47:40,conawaytx11,6,5,13,2019-01-23 16:47:40
"Dr. Martin Luther King Jr.'s legacy of forgiveness, love, and justice, has forever impacted our nation’s history and people across the world. May his life continue to be celebrated while his martyrdom never forgotten.",1087480489437548544,2019-01-21,22:42:07,conawaytx11,2,1,14,2019-01-21 22:42:07
"My wife Suzanne and I’s thoughts, prayers, and deepest condolences are with the family and loved ones of this brave Texan who made the ultimate sacrifice for his country. May God stretch out his healing hand during this time of heart break. https://twitter.com/kristina_wong/status/1086249666960916481 …",1086329186073989120,2019-01-18,18:27:15,conawaytx11,3,2,21,2019-01-18 18:27:15
Three @EctorCoSheriff deputies were shot last night while serving a warrant. Suzanne and I are keeping these brave deputies and their families in our prayers. God Bless our law enforcement officers #BackTheBlue https://twitter.com/CBS7News/status/1085197860935675904 …,1085199426434617345,2019-01-15,15:37:59,conawaytx11,3,1,9,2019-01-15 15:37:59
Live with KWEL's Craig Anderson now- tune into AM 1070 or FM 107.1 to listen,1085169015218159618,2019-01-15,13:37:09,conawaytx11,1,0,2,2019-01-15 13:37:09
"As the only member to shepherd a #farmbill through both chambers as Chairman of @HouseAgGOP & @SenateAgGOP, @SenPatRoberts has left a lasting mark on American ag policy. I look forward to continuing to work w/ him as he serves out his term & congratulate him on his retirement. https://twitter.com/SenPatRoberts/status/1081242799440302080 …",1081256514755706887,2019-01-04,18:30:16,conawaytx11,3,12,43,2019-01-04 18:30:16
"It’s been a great two days for trade:

✔️ #USMCA passes the Senate
✔️ @POTUS signs Phase One of the #ChinaTradeDeal",1217867225186689024,2020-01-16,17:52:28,conawaytx11,4,9,18,2020-01-16 17:52:28
A powerful moment👇 https://twitter.com/RepBrianMast/status/1217172309389316098 …,1217834679103082497,2020-01-16,15:43:08,conawaytx11,1,3,10,2020-01-16 15:43:08
"In 2017, few believed that @realDonaldTrump could successfully negotiate new trade terms with China or renegotiate NAFTA to better serve America’s farmers and ranchers. 

Today, those critics have no ground to stand on. pic.twitter.com/N2Vz75C1Sb",1217560875160297472,2020-01-15,21:35:08,conawaytx11,17,15,45,2020-01-15 21:35:08
"It was terrific having Jeremy Brown, a cotton producer and fellow Texan, testify at today's @HouseAgGOP hearing. Watch his remarks here: https://www.youtube.com/watch?v=88RyWIrZY0A …",1189662265336881155,2019-10-30,21:56:01,conawaytx11,2,2,16,2019-10-30 21:56:01
Watch now as @realDonaldTrump awards @AngeloState alumnus Army MSgt Matthew Williams with the Medal of Honor https://www.whitehouse.gov/live/ ,1189655468785983488,2019-10-30,21:29:01,conawaytx11,2,6,13,2019-10-30 21:29:01
"The Democrats’ obsession with impeachment has halted all normal legislative business. Congress is unable to perform our basic duties of appropriations, funding the military, and passing the #USMCA. The American people deserve better. It is time to get back to work.",1187122149150154752,2019-10-23,21:42:30,conawaytx11,197,310,720,2019-10-23 21:42:30
"The Democrats’ obsession with impeachment is not just a political distraction, it is harming the American people.",1187121828759773184,2019-10-23,21:41:14,conawaytx11,25,19,36,2019-10-23 21:41:14
"There are only 21 legislative days left on the House calendar for this year. Congress has yet to:
•Fund the government and our military
•Ratify the #USMCA
•Secure the border and fix our broken immigration system",1187121828109737985,2019-10-23,21:41:14,conawaytx11,49,108,218,2019-10-23 21:41:14
GREAT NEWS➡️ Unemployment hits a 50-year low- down to 3.5%! https://www.cnbc.com/2019/10/04/jobs-report---september-2019.html …,1180115801321410560,2019-10-04,13:41:47,conawaytx11,27,9,18,2019-10-04 13:41:47
Thank you @RachelLMillard for all that you did for America's farmers and ranchers @HouseAgGOP. You'll do great @CFTC- they are lucky to have you.,1179866546035920902,2019-10-03,21:11:20,conawaytx11,14,5,26,2019-10-03 21:11:20
"🚨Attention Students!🚨Apply now to become a part of my Congressional Youth Advisory Council. Throughout the school year, I will hold roundtable discussions with juniors and seniors in four locations across #TX11. Get your applications in today!

 https://conaway.house.gov/studentresources/congressional-youth-advisory-council.htm … pic.twitter.com/nWW9EawpI4",1176870416901726208,2019-09-25,14:45:47,conawaytx11,36,11,17,2019-09-25 14:45:47
Voting is an important right we enjoy as American citizens that's imperative to the success of our nation. Make sure you are registered to vote. Texans can register here:  https://www.votetexas.gov/register-to-vote/ … #NationalVoterRegistrationDay pic.twitter.com/AsZyBavFc4,1176554392943767558,2019-09-24,17:50:01,conawaytx11,16,7,17,2019-09-24 17:50:01
It is one thing for the Chinese Communist government to manipulate the lives of our farmers and ranchers for their political gain. It is another thing entirely for the United States Congress to do that to our own citizens.,1174696498434584580,2019-09-19,14:47:24,conawaytx11,18,4,23,2019-09-19 14:47:24
"CCC funding, which rural America depends on, will now be a political weapon, used by both sides moving forward, at the expense of America’s farmers and ranchers.",1174696313868431360,2019-09-19,14:46:40,conawaytx11,1,3,9,2019-09-19 14:46:40
From today’s @HouseAgGOP hearing: It is shameful that Democrats have chosen to use farmers and ranchers as leverage simply because they don’t like this president.,1174696311079260160,2019-09-19,14:46:40,conawaytx11,13,3,14,2019-09-19 14:46:40
Happy Birthday to the @USAirForce! Thank you to the brave men and women who have defended the ‘wild blue yonder’ to keep us safe for the past 72 years. pic.twitter.com/PHK5cAUtds,1174347596829270018,2019-09-18,15:41:00,conawaytx11,0,1,5,2019-09-18 15:41:00
It is critical that we put aside politics to work with our colleagues in the Senate and put forth the best possible bill for our troops and for our national security.,1174310059293249536,2019-09-18,13:11:50,conawaytx11,3,0,1,2019-09-18 13:11:50
"As a CPA, I will also continue my calls for DoD to become fully auditable to create greater accountability within the department and transparency for US taxpayers.",1174310058613780480,2019-09-18,13:11:50,conawaytx11,3,0,1,2019-09-18 13:11:50
"I’m glad to be a HASC conferee for the FY20 NDAA. During the conference process, my colleagues and I will work to address the funding levels for our military as well as serious gaps in readiness and training for our service members.",1174310057846214657,2019-09-18,13:11:50,conawaytx11,1,0,3,2019-09-18 13:11:50
Democrats are threatening to harm rural America in an attempt to damage @realDonaldTrump by preventing USDA from providing support to ag producers. They are playing political games w/ farmers in a time of unprecedented challenge. https://www.politico.com/story/2019/09/12/democratic-spending-plan-trump-tariff-farmers-1728523 …,1172503220238901258,2019-09-13,13:32:06,conawaytx11,12,17,26,2019-09-13 13:32:06
#USMCA ensures Canada will eliminate discriminatory grading of U.S. and eliminates country of origin statements on Canada’s quality grade certificates. @TexasWheat #Rally4USMCA #USMCAnow,1172158809793617921,2019-09-12,14:43:32,conawaytx11,3,3,9,2019-09-12 14:43:32
#USMCA provides for unprecedented market access for U.S. dairy farmers into Canada be eliminating milk classes 6 & 7 – this is a big win for our dairy producers in Texas. @TXDairymen #Rally4USMCA #USMCAnow,1172157472494227462,2019-09-12,14:38:13,conawaytx11,2,4,8,2019-09-12 14:38:13
"American farmers and ranchers across the country have praised #USMCA for its outstanding market access and modern, science-based sanitary and phytosanitary standards that are the strongest achieved in any trade agreement, which will keep our families safer. #USMCAnow #Rally4USMCA",1172156397099847680,2019-09-12,14:33:57,conawaytx11,1,3,12,2019-09-12 14:33:57
"Canada and Mexico are the two top markets for U.S. grains, dairy products, meats, fresh fruits, and vegetables. Nearly one-third of U.S. agricultural exports went to our North American neighbors in 2017. #USMCAnow #Rally4USMCA",1172153744026492929,2019-09-12,14:23:24,conawaytx11,15,22,85,2019-09-12 14:23:24
"American agriculture will reap the benefits of #USMCA, which levels the playing field for farmers and ranchers.

Congress can deliver a win for America by passing this 21st-century agreement and it's past time for Democrats to bring up #USMCA for a vote. #USMCAnow #Rally4USMCA pic.twitter.com/SPfrjDzJxI",1172152423042953217,2019-09-12,14:18:09,conawaytx11,1,4,13,2019-09-12 14:18:09
"#USCMA supports American workers and farmers, expands access to international markets, and strengthens our partnership with Mexico and Canada. It's time for Congress to pass #USMCANow. #Rally4USMCA pic.twitter.com/3hNWXDdH1S",1172150980424732673,2019-09-12,14:12:25,conawaytx11,8,36,77,2019-09-12 14:12:25
"From the @farmbureau: in 2017, the U.S. exported $39 billion of agricultural goods to Mexico and Canada. #USMCAnow #Rally4USMCA",1172149260382625793,2019-09-12,14:05:35,conawaytx11,1,9,15,2019-09-12 14:05:35
"#USMCA is a win for America and an important step in boosting the economy, creating jobs, and increasing wages. We must pass #USMCAnow #Rally4USMCA pic.twitter.com/ELfs3PkvhX",1172147677313810432,2019-09-12,13:59:18,conawaytx11,1,4,12,2019-09-12 13:59:18
"It is time for Congress to put aside bipartisan differences and ratify the #USMCA. 

Let's ensure trade is both free and fair, while granting our farmers, ranchers and manufactures the protections they deserve. #USMCANow #Rally4USMCA pic.twitter.com/b1jD9xtO8c",1172145748844187652,2019-09-12,13:51:38,conawaytx11,3,5,14,2019-09-12 13:51:38
"With the #USMCA in place, our ag exports will grow by an additional $2.2B annually, we will maintain duty-free access for American farmers in Mexico, & open the Canadian market to American dairy, wheat & poultry products. pic.twitter.com/nT80ONN63u",1172144190446329856,2019-09-12,13:45:27,conawaytx11,1,1,6,2019-09-12 13:45:27
"64,400 jobs are supported by agricultural exports in Texas, with an annual value of $7.2 billion. #Rally4USMCA #USMCAnow",1172141951438774275,2019-09-12,13:36:33,conawaytx11,0,9,15,2019-09-12 13:36:33
"#USMCA is a 21st-century trade deal that will fuel economic growth across America and in Texas, create jobs and expand high-quality opportunities for our farmers, manufacturers and workers. #USMCAnow #Rally4USMCA pic.twitter.com/sllmsA41ia",1172141207541170176,2019-09-12,13:33:35,conawaytx11,1,3,12,2019-09-12 13:33:35
"Today, we honor the thousands of lives taken far too soon, and the first responders who sacrificed everything to save so many more. We are always stronger together. #NeverForget pic.twitter.com/VSl2cKfFml",1171778206136975361,2019-09-11,13:31:09,conawaytx11,0,3,18,2019-09-11 13:31:09
"I encourage everyone to say a prayer and to continue praying for those grieving tonight, the victims, our first responders, hospital staff, and law enforcement agents who continue to be relentless in this ongoing investigation. (3/3)",1168319865532440592,2019-09-02,00:28:56,conawaytx11,1,0,6,2019-09-02 00:28:56
"My wife Suzanne and I’s hearts are with the family and loved ones of the victims who are grieving unfathomable pain from this senseless act of terror. God loves you, and He ALWAYS has a plan, even when you may feel abandoned during dark times like this. We are #WestTexasStrong ❤️",1168319115163029504,2019-09-02,00:25:58,conawaytx11,3,1,8,2019-09-02 00:25:58
"The pictures my staff have shared with me of vigil tonight in Odessa do not do the overwhelming turn out justice. The circumstances are heart breaking, but we are stronger than the evil that struck the Permian Basin yesterday. (1/3) pic.twitter.com/PlhUgWhZaX",1168319037589348352,2019-09-02,00:25:39,conawaytx11,3,1,17,2019-09-02 00:25:39
"Today, we took our last vote of the day, week, month, year, and decade to ratify #USMCA",1207775300454682656,2019-12-19,21:30:45,conawaytx11,6,10,39,2019-12-19 21:30:45
"For the last year, Democrats have focused on a partisan impeachment process, but @POTUS kept fighting for #USMCA. Today, we get the deal done. #USMCAnow pic.twitter.com/7eJRy6Z9rj",1207755069787115520,2019-12-19,20:10:22,conawaytx11,134,485,2049,2019-12-19 20:10:22
Getting ready to cast my votes on impeachment pic.twitter.com/FzDHQ0lQuq,1207472435483856896,2019-12-19,01:27:17,conawaytx11,24,9,115,2019-12-19 01:27:17
"""They hate this president. They hate those of us who voted for him. They think we're stupid. They think we made a mistake. They think Hillary Clinton should be president..."" – 
@RepChrisStewart https://twitter.com/ABCPolitics/status/1207368416337653760 …",1207415650269966341,2019-12-18,21:41:38,conawaytx11,25,13,27,2019-12-18 21:41:38
"We must stop choosing a world where success is measured by the number of individuals receiving aid, but rather define progress by how many use the services and support provided to build a better life for themselves and their families. https://twitter.com/HouseAgGOP/status/1207351644805091328 …",1207361392589717504,2019-12-18,18:06:02,conawaytx11,8,9,14,2019-12-18 18:06:02
"""Democrats understand they are offering the weakest case for impeachment since Andrew Johnson, that the public isn’t convinced, and so they simply want to get it over with."" https://www.wsj.com/articles/the-incredible-shrinking-impeachment-11576109728 …",1205499914022793217,2019-12-13,14:49:11,conawaytx11,75,13,35,2019-12-13 14:49:11
Today is the 374th day since #USMCA was finalized and signed. It’s time to pass #USMCAnow to help put American agriculture back on its feet. pic.twitter.com/d0p2fTdAeN,1204102771177381889,2019-12-09,18:17:26,conawaytx11,67,274,863,2019-12-09 18:17:26
It’s time to help more Americans move from poverty to prosperity. Read more ⬇️ pic.twitter.com/1Dp3ufWL6o,1202263944020271105,2019-12-04,16:30:35,conawaytx11,4,4,7,2019-12-04 16:30:35
It’s an honor to join leaders from 18 nations for the @house_democracy Leadership Forum to share my thoughts on how to encourage citizen engagement. pic.twitter.com/godhUIKgEW,1151497262104756226,2019-07-17,14:21:55,conawaytx11,17,2,10,2019-07-17 14:21:55
Wreck ‘Em 👆🏻 https://twitter.com/RepArrington/status/1144277590175375360 …,1144278412011421696,2019-06-27,16:16:47,conawaytx11,6,0,15,2019-06-27 16:16:47
"As Texans, we tend to have our own way of saying things. My staff and colleages have been keeping up with the ""one-liners"" I use from time to time. Turns out not all folks are up to speed with the ""Conaway-isms"". Check out the video at the link below ➡️
 https://www.facebook.com/203482063021985/posts/2266668973369940?s=706610943&v=e&sfns=mo … pic.twitter.com/tSM6aGL8LQ",1141067877359005700,2019-06-18,19:39:16,conawaytx11,7,6,24,2019-06-18 19:39:16
Most dynamic economy in Texas? #TX11!💪🏻 https://www.dallasnews.com/business/economy/2019/06/10/texas-dynamic-economy-isnt-dallas-houston-even-austin …,1138850045405667330,2019-06-12,16:46:24,conawaytx11,4,2,11,2019-06-12 16:46:24
My amazing staff surprised me with a homemade Texas Cookie Cake for my birthday. Thank you for making another day on the Hill special. Delicious! pic.twitter.com/ltUvh5sga1,1138518909462691841,2019-06-11,18:50:35,conawaytx11,11,0,56,2019-06-11 18:50:35
